{"cameraMode":{"drawMode":0,"name":"Shaded","section":"Shading Mode"},"sceneLighting":false,"audioPlay":false,"sceneViewState":{"m_AlwaysRefresh":false,"showFog":true,"showSkybox":false,"showFlares":true,"showImageEffects":true,"showParticleSystems":true,"showVisualEffectGraphs":true,"m_FxEnabled":true},"in2DMode":false,"pivot":{"x":-10.547993659973145,"y":1.073058009147644,"z":17.547321319580079},"rotation":{"x":-0.0036353301256895067,"y":0.5893781185150147,"z":-0.807844877243042,"w":-0.0026522206608206035},"size":2.7525274753570558,"orthographic":true}